{
  "dataset": "Oxford-IIIT Pets (subset)",
  "model": "YOLOv8n",
  "mAP@0.5": 0.8768464422029985,
  "precision": 0.8285325843848361,
  "recall": 0.8892983911613251,
  "speed_ms_per_img": {
    "preprocess": 1.0118702627042402,
    "inference": 8.514025822033176,
    "loss": 0.006827457630575829,
    "postprocess": 1.306927008476647
  },
  "training_time_sec": 1715.0281
}