{
  "dataset": "Oxford-IIIT Pets (subset)",
  "model": "Faster R-CNN MobileNetV3 FPN",
  "mAP@0.5": 0.8659413456916809,
  "precision": 0.7835820895463912,
  "recall": 0.8823529411690558,
  "inference_img_per_sec": 35.13944216516485,
  "training_time_sec": 187.86921026599998
}